day,mean,min,max,day_of_year
2022-01-01,0.12262916666666666,0.07005,0.19081,1
2022-01-02,0.13775041666666668,0.1098,0.2091,2
2022-01-03,0.15049833333333335,0.10036,0.18925999999999998,3
2022-01-04,0.15247333333333332,0.105,0.19,4
2022-01-05,0.18098791666666666,0.07911,0.25034,5
2022-01-06,0.2129791666666667,0.1701,0.27836,6
2022-01-07,0.21585583333333333,0.1628,0.26,7
2022-01-08,0.20431541666666667,0.16172999999999998,0.27002,8
2022-01-09,0.11982541666666667,0.014,0.24,9
2022-01-10,0.21726458333333332,0.15869999999999998,0.29498,10
2022-01-11,0.22316333333333335,0.193,0.26266,11
2022-01-12,0.20606833333333333,0.17833000000000002,0.26138,12
2022-01-13,0.215105,0.18288,0.26294999999999996,13
2022-01-14,0.20294708333333333,0.18030000000000002,0.23501,14
2022-01-15,0.21881833333333334,0.19304,0.26703,15
2022-01-16,0.21309625,0.1866,0.26536000000000004,16
2022-01-17,0.24466958333333333,0.20955000000000001,0.28568,17
2022-01-18,0.22272999999999998,0.19399,0.27222,18
2022-01-19,0.21316083333333333,0.17964,0.25981,19
2022-01-20,0.19063916666666667,0.16069,0.23937999999999998,20
2022-01-21,0.17908958333333333,0.15469999999999998,0.2147,21
2022-01-22,0.19041458333333336,0.1669,0.24527000000000002,22
2022-01-23,0.20134,0.17904,0.249,23
2022-01-24,0.22699875,0.17746,0.29733,24
2022-01-25,0.22423666666666667,0.19624,0.25636000000000003,25
2022-01-26,0.23677125,0.22501,0.25,26
2022-01-27,0.23250208333333333,0.21575,0.24900999999999998,27
2022-01-28,0.22458791666666666,0.19,0.25538,28
2022-01-29,0.223355,0.18197,0.26303,29
2022-01-30,0.23050458333333335,0.2065,0.26865,30
2022-01-31,0.22395458333333332,0.18416,0.26,31
2022-02-01,0.20654125,0.16997,0.253,32
2022-02-02,0.21017624999999998,0.16808,0.27009,33
2022-02-03,0.20789,0.17325,0.246,34
2022-02-04,0.19702624999999999,0.16659000000000002,0.23334,35
2022-02-05,0.19837249999999998,0.17047,0.2265,36
2022-02-06,0.1904675,0.17218,0.24643,37
2022-02-07,0.20646208333333335,0.16597,0.25361,38
2022-02-08,0.20369833333333331,0.17088,0.25,39
2022-02-09,0.21052458333333332,0.18259,0.25727999999999995,40
2022-02-10,0.20912541666666665,0.17485,0.24800999999999998,41
2022-02-11,0.19649291666666668,0.165,0.24118,42
2022-02-12,0.19893833333333333,0.16679,0.23155,43
2022-02-13,0.16538708333333332,0.07,0.22,44
2022-02-14,0.18332375,0.105,0.24871000000000001,45
2022-02-15,0.19994458333333334,0.16252,0.25079,46
2022-02-16,0.17813541666666666,0.13538999999999998,0.23673,47
2022-02-17,0.1683416666666667,0.1,0.26812,48
2022-02-18,0.18425625,0.14686000000000002,0.215,49
2022-02-19,0.13775791666666667,0.0772,0.20479,50
2022-02-20,0.16306291666666667,0.1286,0.225,51
2022-02-21,0.18637958333333335,0.142,0.237,52
2022-02-22,0.18052166666666666,0.14482,0.22169999999999998,53
2022-02-23,0.19586208333333333,0.16307,0.24408000000000002,54
2022-02-24,0.2056025,0.16371,0.23449,55
2022-02-25,0.24013125,0.15331999999999998,0.3,56
2022-02-26,0.2611120833333333,0.23714,0.30069999999999997,57
2022-02-27,0.2568375,0.20914,0.35,58
2022-02-28,0.277775,0.21897,0.346,59
2022-03-01,0.25865875,0.22097999999999998,0.31587,60
2022-03-02,0.25403041666666665,0.20415,0.305,61
2022-03-03,0.34106166666666665,0.26,0.3947,62
2022-03-04,0.3406954166666667,0.26461,0.41,63
2022-03-05,0.3665495833333334,0.311,0.4093,64
2022-03-06,0.37903125,0.33421,0.47001,65
2022-03-07,0.44253750000000003,0.37901999999999997,0.5,66
2022-03-08,0.5427791666666667,0.42488,0.651,67
2022-03-09,0.47297041666666667,0.35674,0.605,68
2022-03-10,0.36974749999999995,0.3195,0.45269,69
2022-03-11,0.28457875,0.1448,0.40397000000000005,70
2022-03-12,0.24605125000000003,0.19515000000000002,0.29291,71
2022-03-13,0.24855625,0.18931,0.38989999999999997,72
2022-03-14,0.2517041666666667,0.21447999999999998,0.295,73
2022-03-15,0.24966375,0.20979,0.31171,74
2022-03-16,0.26364708333333337,0.19154,0.3067,75
2022-03-17,0.21712541666666665,0.18449000000000002,0.29592,76
2022-03-18,0.23228208333333333,0.19888,0.29019,77
2022-03-19,0.22191125,0.18707,0.28502,78
2022-03-20,0.2071125,0.18680000000000002,0.25,79
2022-03-21,0.22971125,0.18999000000000002,0.28757,80
2022-03-22,0.2261425,0.19475,0.2789,81
2022-03-23,0.2124366666666667,0.18028,0.24930000000000002,82
2022-03-24,0.2257125,0.18315,0.27,83
2022-03-25,0.26284083333333336,0.22601,0.3,84
2022-03-26,0.23744541666666666,0.19969,0.29224,85
2022-03-27,0.21028,0.0,0.285,86
2022-03-28,0.23171875,0.19501,0.28886,87
2022-03-29,0.24809708333333333,0.21,0.2796,88
2022-03-30,0.25581000000000004,0.22878,0.28269,89
2022-03-31,0.23936916666666666,0.17565,0.29057,90
2022-04-01,0.2247545833333333,0.17643999999999999,0.31932,91
2022-04-02,0.22508375,0.09369,0.3,92
2022-04-03,0.2285366666666667,0.12999000000000002,0.29,93
2022-04-04,0.25140583333333333,0.17265,0.29806,94
2022-04-05,0.26501625,0.2055,0.30097,95
2022-04-06,0.2549945833333333,0.19894,0.31159,96
2022-04-07,0.21479291666666667,0.16546,0.27,97
2022-04-08,0.15469625,0.007,0.25208,98
2022-04-09,0.24158625,0.18467,0.29488,99
2022-04-10,0.15933125,0.00103,0.28248,100
2022-04-11,0.1631275,0.0551,0.2702,101
2022-04-12,0.23729958333333334,0.183,0.28226,102
2022-04-13,0.22943499999999997,0.19090000000000001,0.26,103
2022-04-14,0.22076125,0.19,0.27231,104
2022-04-15,0.19847291666666667,0.15111000000000002,0.23729,105
2022-04-16,0.16261375,0.10404000000000001,0.22243000000000002,106
2022-04-17,0.12043916666666667,0.0037,0.19154,107
2022-04-18,0.10324333333333334,0.045,0.21969,108
2022-04-19,0.11212166666666666,0.05511,0.17091,109
2022-04-20,0.08518916666666666,0.006,0.148,110
2022-04-21,0.1617175,0.101,0.22361,111
2022-04-22,0.20776874999999997,0.17609,0.24409999999999998,112
2022-04-23,0.08624875,0.00117,0.18248,113
2022-04-24,0.14694666666666667,0.102,0.25704000000000005,114
2022-04-25,0.224635,0.17,0.26743,115
2022-04-26,0.23378,0.205,0.27001,116
2022-04-27,0.22078041666666667,0.19096000000000002,0.262,117
2022-04-28,0.22425625000000002,0.1963,0.26785000000000003,118
2022-04-29,0.2148175,0.186,0.25497,119
2022-04-30,0.18644916666666667,0.138,0.23201,120
2022-05-01,0.17785833333333334,0.09505,0.227,121
2022-05-02,0.19180624999999998,0.15500999999999998,0.21719999999999998,122
2022-05-03,0.19147125,0.15289,0.2235,123
2022-05-04,0.20214916666666669,0.18525,0.218,124
2022-05-05,0.1907725,0.15724000000000002,0.22513999999999998,125
2022-05-06,0.19763208333333335,0.15005000000000002,0.23147,126
2022-05-07,0.18486375,0.14523,0.229,127
2022-05-08,0.17408958333333333,0.09662000000000001,0.23835,128
2022-05-09,0.20873666666666668,0.18394,0.25044,129
2022-05-10,0.20870625,0.17622,0.23795,130
2022-05-11,0.18687708333333333,0.15511000000000003,0.22884000000000002,131
2022-05-12,0.18726625,0.16111,0.22749,132
2022-05-13,0.20261208333333333,0.16499,0.238,133
2022-05-14,0.19155250000000001,0.13659000000000002,0.24187,134
2022-05-15,0.12722833333333333,0.00103,0.22618000000000002,135
2022-05-16,0.19464791666666667,0.16032,0.24703,136
2022-05-17,0.19935708333333335,0.16099000000000002,0.26588,137
2022-05-18,0.19486166666666668,0.16504,0.23772,138
2022-05-19,0.19107541666666664,0.15713999999999997,0.23621,139
2022-05-20,0.20373624999999998,0.174,0.23072,140
2022-05-21,0.17870750000000002,0.15933,0.22811,141
2022-05-22,0.17056125,0.1014,0.22790000000000002,142
2022-05-23,0.19416124999999998,0.17149,0.23002,143
2022-05-24,0.18001083333333334,0.15922,0.22030000000000002,144
2022-05-25,0.18457333333333334,0.155,0.22798,145
2022-05-26,0.17328833333333335,0.15053999999999998,0.218,146
2022-05-27,0.16853916666666668,0.14604,0.21456999999999998,147
2022-05-28,0.16225166666666666,0.12604,0.22798,148
2022-05-29,0.1618425,0.12,0.22803,149
2022-05-30,0.20661875,0.169,0.2502,150
2022-05-31,0.21382166666666666,0.18018,0.24777000000000002,151
2022-06-01,0.21045333333333335,0.1711,0.2626,152
2022-06-02,0.21473791666666667,0.17185,0.25645999999999997,153
2022-06-03,0.2145041666666667,0.17244,0.24,154
2022-06-04,0.20386125,0.1556,0.24586000000000002,155
2022-06-05,0.19398291666666667,0.16,0.245,156
2022-06-06,0.19494166666666668,0.16805,0.2358,157
2022-06-07,0.19332041666666666,0.16407,0.22881,158
2022-06-08,0.18544833333333333,0.16022999999999998,0.21500999999999998,159
2022-06-09,0.18266958333333336,0.15437,0.21571,160
2022-06-10,0.19435083333333333,0.16892,0.22046000000000002,161
2022-06-11,0.19049833333333333,0.159,0.23322,162
2022-06-12,0.17157750000000002,0.13605,0.22588,163
2022-06-13,0.2006175,0.1605,0.2384,164
2022-06-14,0.21404541666666665,0.194,0.24227,165
2022-06-15,0.16558958333333332,0.14417,0.19407,166
2022-06-16,0.17081291666666668,0.15,0.21044,167
2022-06-17,0.17790333333333333,0.15981,0.19661,168
2022-06-18,0.14653583333333334,0.09517,0.22605,169
2022-06-19,0.12261166666666667,0.05,0.25,170
2022-06-20,0.15748041666666665,0.11044,0.19791,171
2022-06-21,0.14802791666666668,0.12636,0.18003,172
2022-06-22,0.15275,0.13266,0.19566,173
2022-06-23,0.14985541666666666,0.12432,0.1865,174
2022-06-24,0.13758791666666667,0.11170000000000001,0.19152000000000002,175
2022-06-25,0.12870333333333334,0.06570999999999999,0.185,176
2022-06-26,0.1179425,0.07425,0.15321,177
2022-06-27,0.14247708333333334,0.11525,0.181,178
2022-06-28,0.14466416666666668,0.13119999999999998,0.17109,179
2022-06-29,0.13465541666666667,0.09905,0.1701,180
2022-06-30,0.1321325,0.09936,0.1586,181
2022-07-01,0.14522083333333333,0.12498999999999999,0.15469999999999998,182
2022-07-02,0.14242375,0.10925,0.17034,183
2022-07-03,0.14510458333333334,0.0912,0.19306,184
2022-07-04,0.15992333333333333,0.14383,0.176,185
2022-07-05,0.13916416666666667,0.11456999999999999,0.16358,186
2022-07-06,0.14529916666666667,0.11555,0.1745,187
2022-07-07,0.12483833333333333,0.11,0.169,188
2022-07-08,0.14673208333333335,0.12089,0.16912,189
2022-07-09,0.14862083333333334,0.1295,0.17984999999999998,190
2022-07-10,0.13862083333333333,0.11662,0.184,191
2022-07-11,0.15753833333333334,0.13506,0.19138999999999998,192
2022-07-12,0.155705,0.12355,0.2016,193
2022-07-13,0.15945,0.14,0.18631,194
2022-07-14,0.17172541666666666,0.16206,0.19,195
2022-07-15,0.1481775,0.13505,0.18400999999999998,196
2022-07-16,0.13766958333333332,0.12232,0.17615999999999998,197
2022-07-17,0.1067875,0.07809,0.17927,198
2022-07-18,0.11576791666666668,0.09126999999999999,0.15,199
2022-07-19,0.14235375,0.11849,0.18249,200
2022-07-20,0.14753750000000002,0.13747,0.15435,201
2022-07-21,0.1405625,0.11125,0.15122,202
2022-07-22,0.1334525,0.11009999999999999,0.14818,203
2022-07-23,0.15620208333333332,0.13987,0.2211,204
2022-07-24,0.14128916666666666,0.1153,0.19201,205
2022-07-25,0.15802,0.12512,0.18658000000000002,206
2022-07-26,0.14602666666666667,0.1251,0.165,207
2022-07-27,0.14825291666666665,0.12512,0.16419999999999998,208
2022-07-28,0.16986,0.15117,0.18,209
2022-07-29,0.14150625,0.119,0.161,210
2022-07-30,0.12997791666666667,0.1143,0.16378,211
2022-07-31,0.114135,0.08562,0.18303,212
2022-08-01,0.14870166666666668,0.12498999999999999,0.16509000000000001,213
2022-08-02,0.15129416666666667,0.129,0.18,214
2022-08-03,0.14785,0.126,0.176,215
2022-08-04,0.14723375,0.12498999999999999,0.17,216
2022-08-05,0.13524125,0.12029999999999999,0.164,217
2022-08-06,0.14433375,0.12192,0.18,218
2022-08-07,0.144305,0.10359,0.175,219
2022-08-08,0.14630791666666668,0.126,0.17036,220
2022-08-09,0.14470249999999998,0.12417,0.17017,221
2022-08-10,0.14477791666666667,0.122,0.17168,222
2022-08-11,0.15018541666666665,0.1235,0.17605,223
2022-08-12,0.1582475,0.12469,0.18278,224
2022-08-13,0.15232375,0.11825,0.18059999999999998,225
2022-08-14,0.14918166666666668,0.09040000000000001,0.20001,226
2022-08-15,0.15378708333333332,0.11309999999999999,0.195,227
2022-08-16,0.14320458333333333,0.105,0.18003,228
2022-08-17,0.13929666666666665,0.09967000000000001,0.17201,229
2022-08-18,0.13467375,0.0986,0.18933000000000003,230
2022-08-19,0.13535,0.09,0.23018,231
2022-08-20,0.16911416666666668,0.12,0.23,232
2022-08-21,0.14464,0.02509,0.20541,233
2022-08-22,0.17640375,0.125,0.25,234
2022-08-23,0.18293,0.14859999999999998,0.25,235
2022-08-24,0.18695208333333335,0.14007,0.23679,236
2022-08-25,0.16187875,0.1331,0.20926,237
2022-08-26,0.17532625000000002,0.125,0.24386000000000002,238
2022-08-27,0.16003875,0.127,0.24281999999999998,239
2022-08-28,0.16928666666666667,0.09962,0.225,240
2022-08-29,0.18842124999999998,0.13290000000000002,0.25307,241
2022-08-30,0.20196291666666666,0.16,0.237,242
2022-08-31,0.18729583333333333,0.15625,0.22782,243
2022-09-01,0.19336125,0.14859999999999998,0.25,244
2022-09-02,0.15213583333333333,0.11977,0.20527,245
2022-09-03,0.11922375,0.02377,0.2068,246
2022-09-04,0.14661666666666667,0.019899999999999998,0.25202,247
2022-09-05,0.18853166666666665,0.12118999999999999,0.277,248
2022-09-06,0.16956791666666668,0.12977,0.26167,249
2022-09-07,0.10656291666666667,0.048420000000000005,0.18915,250
2022-09-08,0.15593625,0.125,0.25,251
2022-09-09,0.159725,0.118,0.25,252
2022-09-10,0.17605291666666667,0.12082999999999999,0.3,253
2022-09-11,0.16142125,0.0985,0.252,254
2022-09-12,0.17563125000000002,0.135,0.24001,255
2022-09-13,0.12875250000000002,0.09,0.212,256
2022-09-14,0.13361333333333333,0.09425,0.24,257
2022-09-15,0.17646125000000001,0.155,0.21525,258
2022-09-16,0.17146375,0.14,0.20228,259
2022-09-17,0.0642875,0.01,0.1675,260
2022-09-18,0.13160791666666669,0.061009999999999995,0.20228,261
2022-09-19,0.19303083333333335,0.1477,0.24880000000000002,262
2022-09-20,0.14947125,0.1245,0.19185,263
2022-09-21,0.13740291666666668,0.10489,0.18793,264
2022-09-22,0.17541916666666668,0.1387,0.25,265
2022-09-23,0.12790666666666667,0.09570000000000001,0.18217,266
2022-09-24,0.10674291666666667,0.0501,0.16008,267
2022-09-25,0.07545041666666667,0.0014399999999999999,0.15682,268
2022-09-26,0.11927416666666667,0.07564,0.2186,269
2022-09-27,0.10015875,0.02101,0.164,270
2022-09-28,0.1086225,0.03618,0.20374,271
2022-09-29,0.11468624999999999,0.086,0.2,272
2022-09-30,0.11838958333333333,0.08,0.218,273
2022-10-01,0.116085,0.07271999999999999,0.21865,274
2022-10-02,0.14500458333333333,0.088,0.23299,275
2022-10-03,0.20038041666666664,0.165,0.27,276
2022-10-04,0.19052541666666667,0.13,0.28,277
2022-10-05,0.16796124999999998,0.12678,0.25,278
2022-10-06,0.11310583333333334,0.075,0.22,279
2022-10-07,0.15437041666666665,0.11238,0.24,280
2022-10-08,0.11930625,0.08148999999999999,0.19000999999999998,281
2022-10-09,0.115665,0.07544,0.21483000000000002,282
2022-10-10,0.16391666666666668,0.10284,0.27,283
2022-10-11,0.17077,0.1351,0.246,284
2022-10-12,0.13395708333333334,0.10457,0.1886,285
2022-10-13,0.14572,0.11194,0.20207,286
2022-10-14,0.13432666666666668,0.092,0.202,287
2022-10-15,0.1157275,0.0584,0.16776,288
2022-10-16,0.10396583333333333,0.0701,0.1489,289
2022-10-17,0.14022916666666665,0.08964,0.205,290
2022-10-18,0.10746291666666667,0.04783,0.16201,291
2022-10-19,0.07987416666666668,0.048369999999999996,0.13674,292
2022-10-20,0.08665541666666667,0.06422,0.12296,293
2022-10-21,0.10780333333333332,0.075,0.17276,294
2022-10-22,0.10590499999999999,0.055200000000000006,0.14343,295
2022-10-23,0.07283583333333334,0.00411,0.13822,296
2022-10-24,0.10978458333333334,0.07759999999999999,0.18001,297
2022-10-25,0.10665833333333334,0.07859999999999999,0.15331999999999998,298
2022-10-26,0.10862041666666666,0.0854,0.147,299
2022-10-27,0.11446166666666667,0.09,0.17232,300
2022-10-28,0.11095916666666666,0.08802,0.14,301
2022-10-29,0.1013925,0.0809,0.13341,302
2022-10-30,0.1358,0.09898,0.22535,303
2022-10-31,0.16407291666666665,0.1146,0.25,304
2022-11-01,0.11032041666666666,0.08088,0.18,305
2022-11-02,0.12598333333333334,0.10101,0.189,306
2022-11-03,0.12189375000000001,0.09090999999999999,0.17352,307
2022-11-04,0.15044208333333334,0.11244,0.21774000000000002,308
2022-11-05,0.12479208333333335,0.10258,0.17,309
2022-11-06,0.11423375000000001,0.09093000000000001,0.15561000000000003,310
2022-11-07,0.12091,0.09768,0.15993000000000002,311
2022-11-08,0.11339500000000001,0.07225,0.1589,312
2022-11-09,0.13251541666666666,0.09727,0.19,313
2022-11-10,0.13478333333333334,0.10563,0.19938999999999998,314
2022-11-11,0.12118416666666666,0.09933,0.1459,315
2022-11-12,0.10622166666666666,0.07816,0.17744,316
2022-11-13,0.13168833333333332,0.10156,0.17023,317
2022-11-14,0.13980291666666667,0.10757,0.17277,318
2022-11-15,0.10965666666666667,0.087,0.15480000000000002,319
2022-11-16,0.10397708333333333,0.0844,0.12653,320
2022-11-17,0.07893333333333334,0.01,0.138,321
2022-11-18,0.1095975,0.085,0.12881,322
2022-11-19,0.06738166666666666,0.022,0.123,323
2022-11-20,0.09657833333333334,0.0634,0.15796000000000002,324
2022-11-21,0.08064375,0.0507,0.10184,325
2022-11-22,0.07335666666666667,0.047200000000000006,0.108,326
2022-11-23,0.09053416666666668,0.00411,0.16,327
2022-11-24,0.137735,0.11097,0.19576,328
2022-11-25,0.14139291666666667,0.10623,0.18261000000000002,329
2022-11-26,0.13021125,0.10265,0.17501,330
2022-11-27,0.11704291666666666,0.092,0.15627000000000002,331
2022-11-28,0.10336416666666666,0.06588,0.1659,332
2022-11-29,0.12154125,0.092,0.19041999999999998,333
2022-11-30,0.15124583333333333,0.13,0.186,334
2022-12-01,0.150075,0.12340999999999999,0.1758,335
2022-12-02,0.12762041666666665,0.09179000000000001,0.17195,336
2022-12-03,0.12002166666666668,0.10348,0.1459,337
2022-12-04,0.18980666666666668,0.168,0.25668,338
2022-12-05,0.20929541666666665,0.157,0.24558000000000002,339
2022-12-06,0.15344458333333333,0.1313,0.19483,340
2022-12-07,0.14230416666666665,0.1347,0.15685,341
2022-12-08,0.12238624999999999,0.1025,0.16644,342
2022-12-09,0.14165333333333333,0.11,0.17042,343
2022-12-10,0.12501874999999998,0.082,0.187,344
2022-12-11,0.14644958333333333,0.1146,0.18106999999999998,345
2022-12-12,0.11450875,0.0896,0.14892,346
2022-12-13,0.09768583333333332,0.00411,0.147,347
2022-12-14,0.08138333333333334,0.0018,0.19269,348
2022-12-15,0.12850458333333334,0.0818,0.19072,349
2022-12-16,0.12825333333333333,0.101,0.15500999999999998,350
2022-12-17,0.1338225,0.10998999999999999,0.15305000000000002,351
2022-12-18,0.09773416666666666,0.0814,0.14,352
2022-12-19,0.08106833333333334,0.041,0.13,353
2022-12-20,0.06493083333333334,0.00411,0.107,354
2022-12-21,0.06408833333333333,0.03668,0.09576000000000001,355
2022-12-22,0.05203041666666666,0.03,0.07574,356
2022-12-23,0.022340833333333334,0.00412,0.0679,357
2022-12-24,0.031434583333333335,0.01218,0.0711,358
2022-12-25,0.015242916666666667,0.00145,0.05026,359
2022-12-26,0.07732333333333334,0.0241,0.18925999999999998,360
2022-12-27,0.10949249999999999,0.062090000000000006,0.16469,361
2022-12-28,0.041410833333333334,0.014150000000000001,0.07973999999999999,362
2022-12-29,0.0161875,2.9999999999999997e-05,0.0325,363
2022-12-30,0.0060225,0.00057,0.02178,364
2022-12-31,0.0015687499999999998,0.0,0.011009999999999999,365
