zone,min_C,p05_C,q25_C,median_C,q75_C,p95_C,max_C,mean_C,count
zone1,24.0357110139344,24.37137560558821,24.806527031821048,24.9998475360388,25.288969101630926,25.844327129917584,26.3772215728046,25.051911954172343,744
zone2,22.6872238705481,23.20368809310991,23.499731739732574,23.7849510828799,24.049162543100024,24.640030319868426,25.1164776064899,23.80250205480301,744
zone3,22.3087459233464,22.88676366301609,23.38569555199685,23.762363667314702,24.185307819504224,25.02255152876701,25.9165693037466,23.823088739904158,744
zone4,21.7465314120901,22.28806544918358,22.85897297056055,23.2252183629611,23.70404801671465,24.52584247681105,25.6379909169011,23.301531862929732,744
zone5,23.2285136685025,24.076617573684548,24.69189085131065,24.997860121581752,25.2633443840337,26.2251395119749,27.1889705289553,25.01638026372548,744
zone6,24.628646894589,25.404900168997997,26.442343324074525,27.48256647617465,29.076590490653423,42.58170004971196,46.6189845017873,28.84608389287528,744
zone7,23.6014136279387,23.76281694224079,24.042851188892726,24.28713859969475,24.537931536233025,24.925850274788278,25.1791006544837,24.300141095071506,744
zone8,23.1807305424673,23.695149132225254,24.014294534098774,24.2815570621666,24.599514494388103,24.99996888679787,25.1776113352484,24.31325977068514,744
zone9,23.6144584226016,23.857679340935945,24.263876427600998,24.7151067296964,24.998716286155002,25.186188105597605,25.899071379006,24.6361599526498,744
zone10,21.9187899531957,22.424880781204063,23.21879392481705,23.8378930961044,24.7099215836116,25.175391437888745,26.524823968627,23.90666895597493,744
zone11,23.4321151024235,23.89125041306023,24.461274187535402,24.9898033120541,25.104185777758374,25.993859226573097,27.1003251492701,24.8924050293186,744
zone12,21.6108640606731,22.129776716211722,22.980204542096974,23.72966737345515,24.655468267213976,25.36863654904399,26.6238887187313,23.782105395890163,744
zone13,22.0916888958033,22.837380330340835,23.563691227110276,23.907442798179602,24.175396873200278,24.735680893741044,25.2483937058618,23.84081383624994,744
zone14,25.0000087137141,25.000011006343804,25.000017244755277,25.0000233486233,25.000023531509125,25.00002484459643,25.0000264399902,25.00002077278081,744
zone15,23.8970742073469,24.051712060296733,24.3373360723523,24.5773548724004,24.82219522935275,25.188936814830107,25.3312953780159,24.587936443731646,744
zone16,23.3763400510353,23.90446908453788,24.213059545069598,24.45982225170015,24.764501112795475,25.02277987354254,25.2181371075861,24.478349163348554,744
zone17,23.7416920677371,23.96490716270647,24.30861097278235,24.65570019047135,24.998108492771575,25.22912821597481,25.9111104385903,24.64086805654254,744
zone18,22.4190184784254,23.14787312245087,23.813814773293398,24.23800541127875,24.837045096407977,25.382117709522184,26.4162292163607,24.271396776130512,744
zone19,23.1522538367723,23.619860342205648,24.188645959259873,24.7518828321814,24.99980007431715,25.542875146315257,26.6480867632414,24.64480299709421,744
zone20,23.0445102976417,23.436098297881276,24.07240896609695,24.63145682977965,24.999561195330326,25.385935911222468,26.5105989688157,24.539498515214422,744
zone21,21.705725638724,22.527015436661365,23.546995777701323,23.8968306846652,24.153306876431625,24.7515536750325,25.271144138002,23.773042277340416,744
zone22,23.8928446716943,24.03429235323539,24.42461408547345,24.678636749078052,24.945193335754226,25.241377031110904,25.3855825691865,24.667109209618207,744
zone23,23.4139192322653,23.952454494470963,24.216613516075626,24.4934950592464,24.7530780921665,25.01071258460689,25.2766277980065,24.49258662845224,744
zone24,23.7755520664677,23.968931111202217,24.308341637784526,24.640314261871147,24.998115724779677,25.23752104399123,25.945614439292,24.63999816414445,744
zone25,22.3204112936123,23.460978401785045,24.039652392958626,24.52304038247705,24.980025263710125,25.642340177835905,26.9681734452529,24.5197408950457,744
zone26,23.3260747272643,23.789298032082332,24.3270993536408,24.8462339528998,24.999908951891676,25.718284684417526,26.8890044885553,24.75522285339658,744
zone27,23.141384168949,23.526629313329465,24.147157141912775,24.6889292934393,24.9997408685992,25.478485377597213,26.6472961010811,24.59509954671261,744
zone28,21.9286674654419,22.7122975994796,23.54588187738475,23.902059456514998,24.148787176380274,24.733313490209383,25.2821267681532,23.803752459127594,744
zone29,23.8870654048758,24.025395429474088,24.308110999718398,24.543837669526802,24.776652182003826,25.157087737269478,25.3408639753931,24.55178742274458,744
zone30,23.3253451167021,23.869538959825146,24.15297451422885,24.41371099213505,24.686028659272075,24.99998808635447,25.1845095178311,24.42667148587343,744
zone31,23.753514807783,23.95919678853475,24.308849133937848,24.65018557567085,24.997969218225947,25.21274230066516,25.9195297322674,24.639628365671488,744
zone32,22.1831251318775,22.984964250643007,23.652468074685373,24.0649777675502,24.682943731660327,25.148138712457484,26.3221117645171,24.12260791585335,744
zone33,23.1413937355153,23.572495846885392,24.12151169499695,24.654374899287852,24.999688494966176,25.478090446138456,26.6391948302595,24.599138283260682,744
zone34,23.0003151822952,23.38695637241423,23.991444512500475,24.570300654338098,24.9992738729135,25.32907245494887,26.4760760208996,24.47848231141959,744
zone35,22.3213917088104,23.01407234697427,23.676975182407624,24.02991602806145,24.265718204909952,24.816361981227733,25.3395955861459,23.956348681045565,744
zone36,23.0551217402418,23.114052115416566,23.282388712938676,23.6609278883995,23.904815498770525,24.24035439371121,24.5985382971881,23.651841501179586,744
zone37,22.5023978155877,22.61052913474087,22.80311446752025,23.2620659248729,23.54245060134785,24.107728538694143,24.466953373132,23.255547860335355,744
zone38,14.3515347561249,16.685241445326845,18.1913041880149,19.298976908843798,20.902947158870724,24.208704609983396,27.8602137450658,19.705186404246742,744
zone39,22.2714917796547,23.34389037107929,26.057855319223076,26.51358118010765,26.852743231006375,27.562120495973186,28.1208812485996,26.103356259341606,744
zone40,23.5395806637534,23.70313972488457,24.0104363028496,24.2484701229503,24.504205839927025,24.95304190263986,25.2979921053741,24.272782634104495,744
